{"crop_mean":{"Arhar\/Tur":0.726875,"Cotton(lint)":1.4453125,"Groundnut":1.2091338583,"Jute":8.5521875,"Maize":1.3797222222,"Masoor":0.70375,"Mesta":8.24265625,"Moong(Green Gram)":0.57,"Peas & beans (Pulses)":0.8265625,"Rapeseed &Mustard":0.79546875,"Rice":2.1688888889,"Sesamum":0.58578125,"Sugarcane":52.23453125,"Urad":0.6364566929,"Wheat":2.0758730159},"crop_std":{"Arhar\/Tur":0.0437842836,"Cotton(lint)":0.1261011027,"Groundnut":0.1828696457,"Jute":0.6436711887,"Maize":0.3145709003,"Masoor":0.1030718658,"Mesta":0.7907144493,"Moong(Green Gram)":0.0635064632,"Peas & beans (Pulses)":0.1147145353,"Rapeseed &Mustard":0.0658504725,"Rice":0.8383057286,"Sesamum":0.0698025489,"Sugarcane":4.2589800291,"Urad":0.0963996934,"Wheat":0.1810777317}}